Postcode - Incident,Offence count,Coordinates,Latitude,Longitude
0832,1.0,"(-34.7827756, 138.6429577)",-34.7827756,138.6429577
0870,2.0,"(-34.7827756, 138.6429577)",-34.7827756,138.6429577
0872,3377.0,"(-34.7827756, 138.6429577)",-34.7827756,138.6429577
1011,1.0,"(-34.7827756, 138.6429577)",-34.7827756,138.6429577
2000,2.0,"(-33.915305, 151.15168)",-33.915305,151.15168
2010,1.0,"(-33.915305, 151.15168)",-33.915305,151.15168
2015,1.0,"(-33.9513544, 151.2495985)",-33.9513544,151.2495985
2016,1.0,"(-33.915305, 151.15168)",-33.915305,151.15168
2022,1.0,"(-33.9513544, 151.2495985)",-33.9513544,151.2495985
2026,1.0,"(-33.9513544, 151.2495985)",-33.9513544,151.2495985
2044,1.0,"(-33.915305, 151.15168)",-33.915305,151.15168
2048,1.0,"(-33.915305, 151.15168)",-33.915305,151.15168
2062,1.0,"(-33.915305, 151.15168)",-33.915305,151.15168
2064,1.0,"(-33.915305, 151.15168)",-33.915305,151.15168
2065,1.0,"(-33.915305, 151.15168)",-33.915305,151.15168
2110,1.0,"(-33.867278, 151.084546)",-33.867278,151.084546
2112,1.0,"(-33.867278, 151.084546)",-33.867278,151.084546
2115,1.0,"(-33.867278, 151.084546)",-33.867278,151.084546
2121,1.0,"(-33.867278, 151.084546)",-33.867278,151.084546
2138,1.0,"(-33.867278, 151.084546)",-33.867278,151.084546
2141,2.0,"(-33.867278, 151.084546)",-33.867278,151.084546
2145,1.0,"(-33.867278, 151.084546)",-33.867278,151.084546
2148,1.0,"(-33.935026, 150.906068)",-33.935026,150.906068
2161,1.0,"(-33.8931163, 151.0857181)",-33.8931163,151.0857181
2164,1.0,"(-33.935026, 150.906068)",-33.935026,150.906068
2190,1.0,"(-33.8931163, 151.0857181)",-33.8931163,151.0857181
2208,1.0,"(-33.960297, 151.116944)",-33.960297,151.116944
2228,1.0,"(-33.97735, 151.105315)",-33.97735,151.105315
2232,1.0,"(-33.97735, 151.105315)",-33.97735,151.105315
2250,1.0,"(-33.915305, 151.15168)",-33.915305,151.15168
2262,2.0,"(-32.916835, 151.67469)",-32.916835,151.67469
2299,1.0,"(-32.916835, 151.67469)",-32.916835,151.67469
2305,1.0,"(-32.916835, 151.67469)",-32.916835,151.67469
2315,1.0,"(-32.916835, 151.67469)",-32.916835,151.67469
2316,1.0,"(-32.916835, 151.67469)",-32.916835,151.67469
2327,1.0,"(-32.916835, 151.67469)",-32.916835,151.67469
2330,1.0,"(-32.916835, 151.67469)",-32.916835,151.67469
2335,1.0,"(-32.916835, 151.67469)",-32.916835,151.67469
2370,1.0,"(-35.3236705, 149.1376464)",-35.3236705,149.1376464
2380,2.0,"(-34.7827756, 138.6429577)",-34.7827756,138.6429577
2443,1.0,"(-34.7827756, 138.6429577)",-34.7827756,138.6429577
2450,1.0,"(-30.8850809, 153.0404537)",-30.8850809,153.0404537
2469,1.0,"(-28.80864745, 153.27007206165234)",-28.80864745,153.27007206165234
2478,1.0,"(-28.80864745, 153.27007206165234)",-28.80864745,153.27007206165234
2481,1.0,"(-28.80864745, 153.27007206165234)",-28.80864745,153.27007206165234
2486,1.0,"(-28.80864745, 153.27007206165234)",-28.80864745,153.27007206165234
2518,1.0,"(-33.97735, 151.105315)",-33.97735,151.105315
2560,1.0,"(-33.935026, 150.906068)",-33.935026,150.906068
2567,2.0,"(-33.935026, 150.906068)",-33.935026,150.906068
2574,1.0,"(-33.935026, 150.906068)",-33.935026,150.906068
2600,1.0,"(-35.306974249999996, 149.11336788949936)",-35.306974249999996,149.11336788949936
2604,1.0,"(-35.33510305, 149.14888937829346)",-35.33510305,149.14888937829346
2615,1.0,"(-34.7827756, 138.6429577)",-34.7827756,138.6429577
2620,2.0,"(-34.7827756, 138.6429577)",-34.7827756,138.6429577
2648,1.0,"(-34.2154003, 142.0260929)",-34.2154003,142.0260929
2680,1.0,"(-34.7827756, 138.6429577)",-34.7827756,138.6429577
2717,1.0,"(-34.2154003, 142.0260929)",-34.2154003,142.0260929
2756,2.0,"(-33.617654, 150.807059)",-33.617654,150.807059
2762,1.0,"(-33.617654, 150.807059)",-33.617654,150.807059
2850,1.0,"(-34.7827756, 138.6429577)",-34.7827756,138.6429577
2880,1.0,"(-31.979377, 141.461444)",-31.979377,141.461444
2912,1.0,"(-34.7827756, 138.6429577)",-34.7827756,138.6429577
3000,6.0,"(-37.8042399, 144.9661393)",-37.8042399,144.9661393
3001,4.0,"(-37.8300803, 144.9568954)",-37.8300803,144.9568954
3006,1.0,"(-37.8300803, 144.9568954)",-37.8300803,144.9568954
3008,2.0,"(-37.8300803, 144.9568954)",-37.8300803,144.9568954
3012,1.0,"(-37.8300803, 144.9568954)",-37.8300803,144.9568954
3020,3.0,"(-37.7723618, 144.9495635)",-37.7723618,144.9495635
3023,1.0,"(-37.7391746, 144.9464896)",-37.7391746,144.9464896
3027,1.0,"(-37.8300803, 144.9568954)",-37.8300803,144.9568954
3028,1.0,"(-37.8300803, 144.9568954)",-37.8300803,144.9568954
3030,1.0,"(-37.8300803, 144.9568954)",-37.8300803,144.9568954
3031,1.0,"(-37.8042399, 144.9661393)",-37.8042399,144.9661393
3037,1.0,"(-37.7391746, 144.9464896)",-37.7391746,144.9464896
3043,2.0,"(-37.7391746, 144.9464896)",-37.7391746,144.9464896
3047,1.0,"(-37.7391746, 144.9464896)",-37.7391746,144.9464896
3049,1.0,"(-37.7391746, 144.9464896)",-37.7391746,144.9464896
3055,1.0,"(-37.7723618, 144.9495635)",-37.7723618,144.9495635
3064,1.0,"(-37.7391746, 144.9464896)",-37.7391746,144.9464896
3072,2.0,"(-37.7391746, 144.9464896)",-37.7391746,144.9464896
3082,1.0,"(-37.7391746, 144.9464896)",-37.7391746,144.9464896
3084,1.0,"(-37.805901, 144.977369)",-37.805901,144.977369
3091,1.0,"(-37.8118351, 145.2691543)",-37.8118351,145.2691543
3108,1.0,"(-37.8297119, 145.0438839)",-37.8297119,145.0438839
3109,1.0,"(-37.8118351, 145.2691543)",-37.8118351,145.2691543
3122,1.0,"(-37.8297119, 145.0438839)",-37.8297119,145.0438839
3125,1.0,"(-37.8297119, 145.0438839)",-37.8297119,145.0438839
3134,4.0,"(-37.8118351, 145.2691543)",-37.8118351,145.2691543
3136,2.0,"(-37.8118351, 145.2691543)",-37.8118351,145.2691543
3145,1.0,"(-37.909822, 145.0861257)",-37.909822,145.0861257
3146,1.0,"(-37.8297119, 145.0438839)",-37.8297119,145.0438839
3156,1.0,"(-37.8683445, 145.2415282)",-37.8683445,145.2415282
3165,2.0,"(-37.909822, 145.0861257)",-37.909822,145.0861257
3170,3.0,"(-37.926817650000004, 145.0973756094169)",-37.926817650000004,145.0973756094169
3174,1.0,"(-37.926817650000004, 145.0973756094169)",-37.926817650000004,145.0973756094169
3175,3.0,"(-37.926817650000004, 145.0973756094169)",-37.926817650000004,145.0973756094169
3179,1.0,"(-37.8683445, 145.2415282)",-37.8683445,145.2415282
3180,1.0,"(-37.8683445, 145.2415282)",-37.8683445,145.2415282
3192,2.0,"(-37.926817650000004, 145.0973756094169)",-37.926817650000004,145.0973756094169
3212,1.0,"(-37.8300803, 144.9568954)",-37.8300803,144.9568954
3216,1.0,"(-37.8300803, 144.9568954)",-37.8300803,144.9568954
3218,1.0,"(-37.8300803, 144.9568954)",-37.8300803,144.9568954
3222,1.0,"(-37.8300803, 144.9568954)",-37.8300803,144.9568954
3260,1.0,"(-34.7827756, 138.6429577)",-34.7827756,138.6429577
3271,1.0,"(-35.3290988, 149.1280884)",-35.3290988,149.1280884
3304,1.0,"(-34.7827756, 138.6429577)",-34.7827756,138.6429577
3311,2.0,"(-37.8062142, 140.766463)",-37.8062142,140.766463
3312,1.0,"(-37.8062142, 140.766463)",-37.8062142,140.766463
3318,2.0,"(-34.7827756, 138.6429577)",-34.7827756,138.6429577
3352,1.0,"(-34.7827756, 138.6429577)",-34.7827756,138.6429577
3355,1.0,"(-34.7827756, 138.6429577)",-34.7827756,138.6429577
3356,1.0,"(-34.7827756, 138.6429577)",-34.7827756,138.6429577
3377,2.0,"(-34.7827756, 138.6429577)",-34.7827756,138.6429577
3379,1.0,"(-34.7827756, 138.6429577)",-34.7827756,138.6429577
3380,1.0,"(-34.7827756, 138.6429577)",-34.7827756,138.6429577
3414,1.0,"(-34.7827756, 138.6429577)",-34.7827756,138.6429577
3420,1.0,"(-34.7827756, 138.6429577)",-34.7827756,138.6429577
3516,1.0,"(-36.774006, 144.2905159)",-36.774006,144.2905159
3551,1.0,"(-36.774006, 144.2905159)",-36.774006,144.2905159
3634,1.0,"(-34.7827756, 138.6429577)",-34.7827756,138.6429577
3825,1.0,"(-34.7827756, 138.6429577)",-34.7827756,138.6429577
3840,1.0,"(-34.7827756, 138.6429577)",-34.7827756,138.6429577
3880,1.0,"(-37.88531995, 147.97159660490675)",-37.88531995,147.97159660490675
3977,1.0,"(-37.926817650000004, 145.0973756094169)",-37.926817650000004,145.0973756094169
3978,3.0,"(-37.926817650000004, 145.0973756094169)",-37.926817650000004,145.0973756094169
3995,1.0,"(-37.8683445, 145.2415282)",-37.8683445,145.2415282
4000,2.0,"(-27.58947155, 153.06105305260957)",-27.58947155,153.06105305260957
4032,1.0,"(-27.58947155, 153.06105305260957)",-27.58947155,153.06105305260957
4034,1.0,"(-27.58947155, 153.06105305260957)",-27.58947155,153.06105305260957
4035,1.0,"(-27.58947155, 153.06105305260957)",-27.58947155,153.06105305260957
4053,1.0,"(-27.58947155, 153.06105305260957)",-27.58947155,153.06105305260957
4059,2.0,"(-27.58947155, 153.06105305260957)",-27.58947155,153.06105305260957
4068,1.0,"(-27.58947155, 153.06105305260957)",-27.58947155,153.06105305260957
4104,1.0,"(-27.58947155, 153.06105305260957)",-27.58947155,153.06105305260957
4129,1.0,"(-27.58947155, 153.06105305260957)",-27.58947155,153.06105305260957
4209,1.0,"(-27.58947155, 153.06105305260957)",-27.58947155,153.06105305260957
4210,1.0,"(-27.58947155, 153.06105305260957)",-27.58947155,153.06105305260957
4214,1.0,"(-27.58947155, 153.06105305260957)",-27.58947155,153.06105305260957
4217,1.0,"(-27.58947155, 153.06105305260957)",-27.58947155,153.06105305260957
4218,1.0,"(-27.58947155, 153.06105305260957)",-27.58947155,153.06105305260957
4221,1.0,"(-27.58947155, 153.06105305260957)",-27.58947155,153.06105305260957
4226,1.0,"(-27.58947155, 153.06105305260957)",-27.58947155,153.06105305260957
4227,1.0,"(-27.58947155, 153.06105305260957)",-27.58947155,153.06105305260957
4280,1.0,"(-27.58947155, 153.06105305260957)",-27.58947155,153.06105305260957
4306,2.0,"(-27.58947155, 153.06105305260957)",-27.58947155,153.06105305260957
4343,1.0,"(-27.58947155, 153.06105305260957)",-27.58947155,153.06105305260957
4344,1.0,"(-34.7827756, 138.6429577)",-34.7827756,138.6429577
4506,1.0,"(-27.58947155, 153.06105305260957)",-27.58947155,153.06105305260957
4510,1.0,"(-27.58947155, 153.06105305260957)",-27.58947155,153.06105305260957
4741,1.0,"(-34.7827756, 138.6429577)",-34.7827756,138.6429577
4810,1.0,"(-34.7827756, 138.6429577)",-34.7827756,138.6429577
4870,4.0,"(-34.7827756, 138.6429577)",-34.7827756,138.6429577
5000,91833.0,"(-34.920630700000004, 138.60396883837132)",-34.920630700000004,138.60396883837132
5001,2.0,"(-33.358255150000005, 115.63522152018518)",-33.358255150000005,115.63522152018518
5005,1.0,"(-34.920630700000004, 138.60396883837132)",-34.920630700000004,138.60396883837132
5006,9192.0,"(-34.920630700000004, 138.60396883837132)",-34.920630700000004,138.60396883837132
5007,14653.0,"(-34.904619369921875, 138.56869979609374)",-34.904619369921875,138.56869979609374
5008,16420.0,"(-34.885446486666666, 138.56407431)",-34.885446486666666,138.56407431
5009,9253.0,"(-34.89333800508475, 138.55207747711864)",-34.89333800508475,138.55207747711864
5010,7665.0,"(-34.860966592380954, 138.5668656361905)",-34.860966592380954,138.5668656361905
5011,15845.0,"(-34.881330125, 138.53629488671876)",-34.881330125,138.53629488671876
5012,13116.0,"(-34.86198336031746, 138.54154087460319)",-34.86198336031746,138.54154087460319
5013,16329.0,"(-34.85066114414894, 138.5248049)",-34.85066114414894,138.5248049
5014,12807.0,"(-34.865867036257306, 138.51711015789473)",-34.865867036257306,138.51711015789473
5015,13984.0,"(-34.84517732021858, 138.50466336010928)",-34.84517732021858,138.50466336010928
5016,8120.0,"(-34.83179705813008, 138.48851880731706)",-34.83179705813008,138.48851880731706
5017,7086.0,"(-34.80152061538462, 138.50340973076922)",-34.80152061538462,138.50340973076922
5018,3426.0,"(-34.78546396666667, 138.49203573333332)",-34.78546396666667,138.49203573333332
5019,11095.0,"(-34.837545869078944, 138.4885480861842)",-34.837545869078944,138.4885480861842
5020,1856.0,"(-34.86868936896552, 138.48609383793104)",-34.86868936896552,138.48609383793104
5021,8523.0,"(-34.885727736438355, 138.49197748876713)",-34.885727736438355,138.49197748876713
5022,10727.0,"(-34.8990759035835, 138.49936951710615)",-34.8990759035835,138.49936951710615
5023,18072.0,"(-34.89943547857143, 138.52180822743506)",-34.89943547857143,138.52180822743506
5024,8369.0,"(-34.92796779470588, 138.51347366352942)",-34.92796779470588,138.51347366352942
5025,5285.0,"(-34.907417697619046, 138.54441454285714)",-34.907417697619046,138.54441454285714
5031,14930.0,"(-34.92000766213425, 138.5706435419105)",-34.92000766213425,138.5706435419105
5032,8363.0,"(-34.9259306913242, 138.5416776173516)",-34.9259306913242,138.5416776173516
5033,8232.0,"(-34.938121511698114, 138.56082045962265)",-34.938121511698114,138.56082045962265
5034,7836.0,"(-34.955134794, 138.58736359866666)",-34.955134794,138.58736359866666
5035,5557.0,"(-34.95126953541667, 138.57691275729167)",-34.95126953541667,138.57691275729167
5037,8155.0,"(-34.95488920969697, 138.5627480690909)",-34.95488920969697,138.5627480690909
5038,14089.0,"(-34.967575402, 138.55364884933334)",-34.967575402,138.55364884933334
5039,11182.0,"(-34.983144796747965, 138.5732751)",-34.983144796747965,138.5732751
5040,1458.0,"(-34.96879955, 138.535683325)",-34.96879955,138.535683325
5041,6582.0,"(-34.98414740705882, 138.58917321058823)",-34.98414740705882,138.58917321058823
5042,11157.0,"(-35.00533706980057, 138.57442312877492)",-35.00533706980057,138.57442312877492
5043,19611.0,"(-34.998966702631584, 138.55619671157893)",-34.998966702631584,138.55619671157893
5044,6189.0,"(-34.99515835535714, 138.52450676428572)",-34.99515835535714,138.52450676428572
5045,16487.0,"(-34.977799203669726, 138.51900911651376)",-34.977799203669726,138.51900911651376
5046,19120.0,"(-35.00963573589743, 138.53988154102564)",-35.00963573589743,138.53988154102564
5047,7721.0,"(-35.02586118888889, 138.55579015555557)",-35.02586118888889,138.55579015555557
5048,10666.0,"(-35.01262193913044, 138.52447641956522)",-35.01262193913044,138.52447641956522
5049,5530.0,"(-35.03222330714286, 138.53170847857143)",-35.03222330714286,138.53170847857143
5050,1862.0,"(-35.025887, 138.59436302)",-35.025887,138.59436302
5051,4388.0,"(-35.02935305833333, 138.61948077083332)",-35.02935305833333,138.61948077083332
5052,2067.0,"(-35.0062303, 138.62377419230768)",-35.0062303,138.62377419230768
5061,6543.0,"(-34.95325923900709, 138.60711823049647)",-34.95325923900709,138.60711823049647
5062,7359.0,"(-34.97449983333333, 138.6086675377778)",-34.97449983333333,138.6086675377778
5063,7641.0,"(-34.94729789162996, 138.6247282726872)",-34.94729789162996,138.6247282726872
5064,5097.0,"(-34.959909961403504, 138.6406572736842)",-34.959909961403504,138.6406572736842
5065,5589.0,"(-34.93944774897959, 138.63687032959186)",-34.93944774897959,138.63687032959186
5066,3372.0,"(-34.93774614444444, 138.6664276)",-34.93774614444444,138.6664276
5067,10597.0,"(-34.92372802264151, 138.62619764716982)",-34.92372802264151,138.62619764716982
5068,5414.0,"(-34.92107372352941, 138.64856761470588)",-34.92107372352941,138.64856761470588
5069,6680.0,"(-34.91306319454545, 138.61958378)",-34.91306319454545,138.61958378
5070,8939.0,"(-34.896666825, 138.64348229583334)",-34.896666825,138.64348229583334
5072,4342.0,"(-34.90548524018692, 138.6802084211838)",-34.90548524018692,138.6802084211838
5073,6461.0,"(-34.89814869173333, 138.67681713626666)",-34.89814869173333,138.67681713626666
5074,8784.0,"(-34.88217844054054, 138.66890255675676)",-34.88217844054054,138.66890255675676
5075,5406.0,"(-34.871596888372096, 138.66933852790697)",-34.871596888372096,138.66933852790697
5076,2351.0,"(-34.8707625, 138.71204801538462)",-34.8707625,138.71204801538462
5081,8006.0,"(-34.89806363240741, 138.61055029074075)",-34.89806363240741,138.61055029074075
5082,15688.0,"(-34.89029873586207, 138.59257767172411)",-34.89029873586207,138.59257767172411
5083,8130.0,"(-34.87981159090909, 138.60867954545455)",-34.87981159090909,138.60867954545455
5084,20326.0,"(-34.86020999652778, 138.59373967708333)",-34.86020999652778,138.59373967708333
5085,19426.0,"(-34.85170927857143, 138.62041319285714)",-34.85170927857143,138.62041319285714
5086,16115.0,"(-34.869948567741936, 138.63227927419354)",-34.869948567741936,138.63227927419354
5087,8936.0,"(-34.877885786363635, 138.63611613636363)",-34.877885786363635,138.63611613636363
5088,4616.0,"(-34.84810983888889, 138.66639535555555)",-34.84810983888889,138.66639535555555
5089,2014.0,"(-34.85605804285714, 138.69850782857145)",-34.85605804285714,138.69850782857145
5090,3419.0,"(-34.844202825, 138.6989539)",-34.844202825,138.6989539
5091,3463.0,"(-34.81802736206896, 138.7255047172414)",-34.81802736206896,138.7255047172414
5092,18181.0,"(-34.82891649166667, 138.68386863611113)",-34.82891649166667,138.68386863611113
5093,6024.0,"(-34.837682663297876, 138.6687299356383)",-34.837682663297876,138.6687299356383
5094,8742.0,"(-34.8417976625, 138.592804903125)",-34.8417976625,138.592804903125
5095,21211.0,"(-34.81825282083333, 138.613003725)",-34.81825282083333,138.613003725
5096,12939.0,"(-34.806236271428574, 138.6530133857143)",-34.806236271428574,138.6530133857143
5097,6662.0,"(-34.8217726, 138.71636148)",-34.8217726,138.71636148
5098,10508.0,"(-34.83470167866667, 138.63295801733335)",-34.83470167866667,138.63295801733335
5106,3021.0,"(-34.788024119999996, 138.63869074000002)",-34.788024119999996,138.63869074000002
5107,15188.0,"(-34.7881911884058, 138.6115729811594)",-34.7881911884058,138.6115729811594
5108,54770.0,"(-34.7606092275, 138.621850005)",-34.7606092275,138.621850005
5109,16052.0,"(-34.777236519937695, 138.6574946165109)",-34.777236519937695,138.6574946165109
5110,11752.0,"(-34.751046575, 138.582529925)",-34.751046575,138.582529925
5111,544.0,"(-34.7243935, 138.63048325)",-34.7243935,138.63048325
5112,51314.0,"(-34.72517916923077, 138.6690089769231)",-34.72517916923077,138.6690089769231
5113,36292.0,"(-34.701066016666665, 138.674990775)",-34.701066016666665,138.674990775
5114,37379.0,"(-34.6876451652174, 138.7009999152174)",-34.6876451652174,138.7009999152174
5115,11983.0,"(-34.66796465833333, 138.68308582916669)",-34.66796465833333,138.68308582916669
5116,7952.0,"(-34.62587202222222, 138.72527991111113)",-34.62587202222222,138.72527991111113
5117,3227.0,"(-34.644596075, 138.6389046)",-34.644596075,138.6389046
5118,15311.0,"(-34.59197120923077, 138.74595662000002)",-34.59197120923077,138.74595662000002
5119,4.0,"(-34.7827756, 138.6429577)",-34.7827756,138.6429577
5120,2364.0,"(-34.6738768, 138.536490075)",-34.6738768,138.536490075
5121,1818.0,"(-34.69092785238095, 138.65063766190477)",-34.69092785238095,138.65063766190477
5125,9706.0,"(-34.7771996, 138.70853955)",-34.7771996,138.70853955
5126,3698.0,"(-34.80702421785714, 138.7121149892857)",-34.80702421785714,138.7121149892857
5127,2783.0,"(-34.7977043535433, 138.7044759047244)",-34.7977043535433,138.7044759047244
5131,288.0,"(-34.81411514285714, 138.76137674285715)",-34.81411514285714,138.76137674285715
5132,131.0,"(-34.846851066666666, 138.7803824)",-34.846851066666666,138.7803824
5133,114.0,"(-34.8237472, 138.7746294)",-34.8237472,138.7746294
5134,100.0,"(-34.9020469, 138.751971425)",-34.9020469,138.751971425
5136,91.0,"(-34.92514774, 138.72663658)",-34.92514774,138.72663658
5137,102.0,"(-34.93315735, 138.74409075)",-34.93315735,138.74409075
5138,111.0,"(-34.9391785, 138.7656987)",-34.9391785,138.7656987
5139,41.0,"(-34.9326699, 138.7987097)",-34.9326699,138.7987097
5140,77.0,"(-34.9497727, 138.6895743)",-34.9497727,138.6895743
5141,120.0,"(-34.94860353333333, 138.72030133333334)",-34.94860353333333,138.72030133333334
5142,119.0,"(-34.96041986666667, 138.7463787)",-34.96041986666667,138.7463787
5144,65.0,"(-34.9723821, 138.7760746)",-34.9723821,138.7760746
5150,87.0,"(-34.9720155, 138.6694885)",-34.9720155,138.6694885
5151,67.0,"(-34.9822479, 138.7262528)",-34.9822479,138.7262528
5152,2220.0,"(-34.999356067687074, 138.72034228979592)",-34.999356067687074,138.72034228979592
5153,1381.0,"(-35.05403538809524, 138.73706777857143)",-35.05403538809524,138.73706777857143
5154,804.0,"(-35.01408758235294, 138.73676651176473)",-35.01408758235294,138.73676651176473
5155,705.0,"(-35.00540858, 138.76148816)",-35.00540858,138.76148816
5156,186.0,"(-35.021875025, 138.6743999)",-35.021875025,138.6743999
5157,774.0,"(-35.15359848333333, 138.681671175)",-35.15359848333333,138.681671175
5158,10402.0,"(-35.0721128, 138.5304537440994)",-35.0721128,138.5304537440994
5159,10792.0,"(-35.0517302, 138.5885796)",-35.0517302,138.5885796
5160,2788.0,"(-35.115388775, 138.49973649375)",-35.115388775,138.49973649375
5161,8445.0,"(-35.09685368666667, 138.53061394666668)",-35.09685368666667,138.53061394666668
5162,27479.0,"(-35.12338642032939, 138.51553803973235)",-35.12338642032939,138.51553803973235
5163,13736.0,"(-35.15139003125, 138.5205227)",-35.15139003125,138.5205227
5164,9638.0,"(-35.12939251743075, 138.49636147411653)",-35.12939251743075,138.49636147411653
5165,9628.0,"(-35.13664966269712, 138.47765436334964)",-35.13664966269712,138.47765436334964
5166,1832.0,"(-35.02703075, 138.56829325)",-35.02703075,138.56829325
5167,4378.0,"(-35.14635019902912, 138.47836230873787)",-35.14635019902912,138.47836230873787
5168,16186.0,"(-35.153814738596495, 138.49574075438596)",-35.153814738596495,138.49574075438596
5169,14056.0,"(-35.194048154782614, 138.48211759652173)",-35.194048154782614,138.48211759652173
5170,577.0,"(-35.2287818, 138.477912)",-35.2287818,138.477912
5171,2668.0,"(-35.2068147590909, 138.55235745)",-35.2068147590909,138.55235745
5172,1622.0,"(-35.275785844, 138.57733868399998)",-35.275785844,138.57733868399998
5173,9475.0,"(-35.27098903333333, 138.47292635438598)",-35.27098903333333,138.47292635438598
5174,1372.0,"(-35.331391151724134, 138.45576593448277)",-35.331391151724134,138.45576593448277
5201,589.0,"(-35.19805224545454, 138.7518299181818)",-35.19805224545454,138.7518299181818
5202,489.0,"(-35.3933513, 138.46946473333333)",-35.3933513,138.46946473333333
5203,583.0,"(-35.502921425, 138.3694094375)",-35.502921425,138.3694094375
5204,1597.0,"(-35.523641035714284, 138.23473972142855)",-35.523641035714284,138.23473972142855
5210,715.0,"(-35.34565549285714, 138.62742632142857)",-35.34565549285714,138.62742632142857
5211,7781.0,"(-35.53230935180723, 138.59919866024097)",-35.53230935180723,138.59919866024097
5212,1053.0,"(-35.52724928, 138.68452712)",-35.52724928,138.68452712
5213,773.0,"(-35.4839755, 138.7084961)",-35.4839755,138.7084961
5214,4880.0,"(-35.50233124347826, 138.79061791304346)",-35.50233124347826,138.79061791304346
5220,102.0,"(-35.7837925, 137.2565083)",-35.7837925,137.2565083
5221,110.0,"(-35.78126475, 137.763907775)",-35.78126475,137.763907775
5222,281.0,"(-35.783700911764704, 137.92311842941177)",-35.783700911764704,137.92311842941177
5223,1567.0,"(-35.71384021111111, 137.46378890972224)",-35.71384021111111,137.46378890972224
5231,370.0,"(-34.80107775, 138.83856415)",-34.80107775,138.83856415
5232,163.0,"(-34.67999065, 138.895813675)",-34.67999065,138.895813675
5233,396.0,"(-34.82069968333333, 138.89182578333333)",-34.82069968333333,138.89182578333333
5234,562.0,"(-34.8185158, 138.959830725)",-34.8185158,138.959830725
5235,667.0,"(-34.728508264285715, 139.06058104285714)",-34.728508264285715,139.06058104285714
5236,139.0,"(-34.8215166, 139.0665391)",-34.8215166,139.0665391
5237,138.0,"(-34.8249996, 139.19096934)",-34.8249996,139.19096934
5238,2455.0,"(-34.847225009375, 139.45854543125)",-34.847225009375,139.45854543125
5240,98.0,"(-34.928212, 138.8292735)",-34.928212,138.8292735
5241,671.0,"(-34.9056759, 138.8720486375)",-34.9056759,138.8720486375
5242,432.0,"(-34.98937058, 138.82249934)",-34.98937058,138.82249934
5243,237.0,"(-34.99174295, 138.85232115)",-34.99174295,138.85232115
5244,1005.0,"(-34.93366395625, 138.913296925)",-34.93366395625,138.913296925
5245,1084.0,"(-35.03003650833333, 138.8082719916667)",-35.03003650833333,138.8082719916667
5250,1047.0,"(-35.05248498666667, 138.85176387333334)",-35.05248498666667,138.85176387333334
5251,9525.0,"(-35.07494212692308, 138.86846753461538)",-35.07494212692308,138.86846753461538
5252,1477.0,"(-35.03654819259259, 138.9232128148148)",-35.03654819259259,138.9232128148148
5253,23296.0,"(-35.120235928571425, 139.30919332)",-35.120235928571425,139.30919332
5254,1080.0,"(-35.06997142631579, 139.19851465789472)",-35.06997142631579,139.19851465789472
5255,3416.0,"(-35.271583595652174, 138.95672048695653)",-35.271583595652174,138.95672048695653
5256,633.0,"(-35.42348526666667, 138.97619285)",-35.42348526666667,138.97619285
5259,419.0,"(-35.39586320769231, 139.36362311538463)",-35.39586320769231,139.36362311538463
5260,2036.0,"(-35.2690585, 139.47951242857144)",-35.2690585,139.47951242857144
5261,130.0,"(-35.55270082, 139.73535497999998)",-35.55270082,139.73535497999998
5262,109.0,"(-36.82902425, 140.918746625)",-36.82902425,140.918746625
5263,42.0,"(-37.29423076666667, 140.83588593333332)",-37.29423076666667,140.83588593333332
5264,812.0,"(-35.78852835714286, 139.44170225714285)",-35.78852835714286,139.44170225714285
5265,303.0,"(-35.710498828571424, 139.82744667142856)",-35.710498828571424,139.82744667142856
5266,252.0,"(-36.03311755, 139.8969025)",-36.03311755,139.8969025
5267,937.0,"(-36.1105859, 140.39519869)",-36.1105859,140.39519869
5268,1756.0,"(-36.34258175, 140.75833834000002)",-36.34258175,140.75833834000002
5269,107.0,"(-36.3786472, 140.905179675)",-36.3786472,140.905179675
5270,122.0,"(-36.38258283333333, 140.53912151666668)",-36.38258283333333,140.53912151666668
5271,3366.0,"(-36.93920237083333, 140.704541325)",-36.93920237083333,140.704541325
5272,265.0,"(-37.08113897142857, 140.3257082)",-37.08113897142857,140.3257082
5273,12.0,"(-36.9417631, 140.230672)",-36.9417631,140.230672
5275,888.0,"(-36.831687225, 139.87378667916667)",-36.831687225,139.87378667916667
5276,718.0,"(-37.17255410882353, 139.7847801264706)",-37.17255410882353,139.7847801264706
5277,1199.0,"(-37.40341425454545, 140.8207856909091)",-37.40341425454545,140.8207856909091
5278,189.0,"(-37.54361398, 140.72168734000002)",-37.54361398,140.72168734000002
5279,231.0,"(-37.517696725, 140.5295986625)",-37.517696725,140.5295986625
5280,3802.0,"(-37.552366236585364, 140.28706834146342)",-37.552366236585364,140.28706834146342
5290,23181.0,"(-37.83861039727891, 140.7925725068027)",-37.83861039727891,140.7925725068027
5291,2606.0,"(-37.85037956049383, 140.76457295555556)",-37.85037956049383,140.76457295555556
5301,186.0,"(-35.39566038181818, 140.060375)",-35.39566038181818,140.060375
5302,352.0,"(-35.5472803, 140.6575438)",-35.5472803,140.6575438
5303,85.0,"(-35.2973464, 140.6665903)",-35.2973464,140.6665903
5304,358.0,"(-35.1134137, 140.84717728333334)",-35.1134137,140.84717728333334
5306,38.0,"(-35.1325562, 139.7307361)",-35.1325562,139.7307361
5307,211.0,"(-35.1334348, 140.039086)",-35.1334348,140.039086
5308,45.0,"(-34.73955208, 139.94757812)",-34.73955208,139.94757812
5309,92.0,"(-34.912870875, 140.14445925)",-34.912870875,140.14445925
5310,32.0,"(-34.7121819, 140.2935516)",-34.7121819,140.2935516
5311,145.0,"(-34.646920230769226, 140.59406316923076)",-34.646920230769226,140.59406316923076
5320,585.0,"(-34.02565895, 139.6396813)",-34.02565895,139.6396813
5321,208.0,"(-34.0593077, 139.76008195)",-34.0593077,139.76008195
5322,418.0,"(-34.159808919999996, 139.91339266)",-34.159808919999996,139.91339266
5330,2227.0,"(-34.17387511944444, 140.05203560277778)",-34.17387511944444,140.05203560277778
5331,143.0,"(-34.2228977, 140.3455236)",-34.2228977,140.3455236
5332,182.0,"(-34.319289319999996, 140.31836782)",-34.319289319999996,140.31836782
5333,3042.0,"(-34.4144026097561, 140.48463516097559)",-34.4144026097561,140.48463516097559
5340,492.0,"(-34.17994231721311, 140.78859982459016)",-34.17994231721311,140.78859982459016
5341,6338.0,"(-34.1824914368, 140.7318120036)",-34.1824914368,140.7318120036
5342,457.0,"(-34.2398241, 140.5422693818182)",-34.2398241,140.5422693818182
5343,6074.0,"(-34.27680648558559, 140.58835122612612)",-34.27680648558559,140.58835122612612
5344,531.0,"(-34.27092888, 140.53676407)",-34.27092888,140.53676407
5345,2353.0,"(-34.2708613375, 140.457757525)",-34.2708613375,140.457757525
5346,149.0,"(-34.24423735, 140.402452)",-34.24423735,140.402452
5350,172.0,"(-34.593775425, 138.832389275)",-34.593775425,138.832389275
5351,1728.0,"(-34.639366796, 138.86350346400002)",-34.639366796,138.86350346400002
5352,1877.0,"(-34.52207221707317, 138.96224222439025)",-34.52207221707317,138.96224222439025
5353,1374.0,"(-34.53617594814815, 139.16827595925926)",-34.53617594814815,139.16827595925926
5354,246.0,"(-34.56350861666667, 139.69111181666668)",-34.56350861666667,139.69111181666668
5355,3753.0,"(-34.47251922222222, 138.98050808444444)",-34.47251922222222,138.98050808444444
5356,380.0,"(-34.38528886666667, 139.21409787777776)",-34.38528886666667,139.21409787777776
5357,486.0,"(-34.36287931666667, 139.70065225)",-34.36287931666667,139.70065225
5360,241.0,"(-34.4547101, 138.9214218)",-34.4547101,138.9214218
5371,569.0,"(-34.5053508875, 138.759229575)",-34.5053508875,138.759229575
5372,670.0,"(-34.4546142, 138.8104039)",-34.4546142,138.8104039
5373,1688.0,"(-34.339927135185185, 138.91576418703704)",-34.339927135185185,138.91576418703704
5374,634.0,"(-34.16690082777778, 139.14909843333334)",-34.16690082777778,139.14909843333334
5381,195.0,"(-33.941015060000005, 139.08719797)",-33.941015060000005,139.08719797
5400,266.0,"(-34.46794752857143, 138.6627633857143)",-34.46794752857143,138.6627633857143
5401,295.0,"(-34.28624446, 138.64665037999998)",-34.28624446,138.64665037999998
5410,109.0,"(-34.35833315, 138.7468581)",-34.35833315,138.7468581
5411,132.0,"(-34.25667273333333, 138.75697696666668)",-34.25667273333333,138.75697696666668
5412,396.0,"(-34.14529673333333, 138.71002873333333)",-34.14529673333333,138.71002873333333
5413,381.0,"(-34.040850946153846, 138.88738696923076)",-34.040850946153846,138.88738696923076
5414,55.0,"(-34.0008973, 138.81767925)",-34.0008973,138.81767925
5415,41.0,"(-33.90935823333333, 138.73713286666668)",-33.90935823333333,138.73713286666668
5416,48.0,"(-33.8264816, 138.8361278)",-33.8264816,138.8361278
5417,764.0,"(-33.55880987142857, 139.37984443809523)",-33.55880987142857,139.37984443809523
5418,78.0,"(-33.47649425, 139.0609674)",-33.47649425,139.0609674
5419,114.0,"(-33.3469443, 138.9615411142857)",-33.3469443,138.9615411142857
5420,33.0,"(-33.21051955, 138.8220228)",-33.21051955,138.8220228
5421,155.0,"(-33.14998045, 139.0111234)",-33.14998045,139.0111234
5422,1383.0,"(-32.939783820833334, 138.87263423958333)",-32.939783820833334,138.87263423958333
5431,168.0,"(-32.62045703888889, 138.6288131611111)",-32.62045703888889,138.6288131611111
5432,19.0,"(-32.21222418181818, 138.69232716363638)",-32.21222418181818,138.69232716363638
5433,621.0,"(-32.33797505, 138.07357892000002)",-32.33797505,138.07357892000002
5434,239.0,"(-31.78228185555556, 138.55849008333334)",-31.78228185555556,138.55849008333334
5440,159.0,"(-32.0863672984375, 140.2181809875)",-32.0863672984375,140.2181809875
5451,180.0,"(-34.0472288, 138.68208963333333)",-34.0472288,138.68208963333333
5452,54.0,"(-33.9732163, 138.648185)",-33.9732163,138.648185
5453,1788.0,"(-33.88015358048781, 138.61330780487805)",-33.88015358048781,138.61330780487805
5454,136.0,"(-33.4922847, 138.6215376)",-33.4922847,138.6215376
5455,14.0,"(-33.7046117, 138.647974)",-33.7046117,138.647974
5460,256.0,"(-34.306572, 138.54795425999998)",-34.306572,138.54795425999998
5461,1128.0,"(-34.086353466666665, 138.38598068)",-34.086353466666665,138.38598068
5462,129.0,"(-33.8450989, 138.4894622)",-33.8450989,138.4894622
5464,157.0,"(-33.701874, 138.47493987777776)",-33.701874,138.47493987777776
5470,51.0,"(-33.5706496, 138.44559915)",-33.5706496,138.44559915
5471,29.0,"(-33.4671992, 138.4422396)",-33.4671992,138.4422396
5472,61.0,"(-33.3623161, 138.3915605)",-33.3623161,138.3915605
5473,239.0,"(-33.27696505, 138.34695795)",-33.27696505,138.34695795
5480,204.0,"(-33.11278323333333, 138.34207873333332)",-33.11278323333333,138.34207873333332
5481,100.0,"(-32.975679175, 138.223685675)",-32.975679175,138.223685675
5482,79.0,"(-32.879367, 138.3510455)",-32.879367,138.3510455
5483,83.0,"(-32.84192425, 138.17822555)",-32.84192425,138.17822555
5485,164.0,"(-32.6503937, 138.0993552)",-32.6503937,138.0993552
5490,42.0,"(-33.14968393333333, 138.45252763333332)",-33.14968393333333,138.45252763333332
5491,466.0,"(-33.22045727272727, 138.59913357272728)",-33.22045727272727,138.59913357272728
5493,45.0,"(-33.0287637, 138.7492113)",-33.0287637,138.7492113
5495,187.0,"(-32.94048788333333, 138.00622526666666)",-32.94048788333333,138.00622526666666
5501,4070.0,"(-34.498771047619044, 138.4045324)",-34.498771047619044,138.4045324
5502,721.0,"(-34.46619464285714, 138.54412901428572)",-34.46619464285714,138.54412901428572
5510,96.0,"(-33.9299968, 138.15933)",-33.9299968,138.15933
5520,401.0,"(-33.786222, 138.17669078)",-33.786222,138.17669078
5521,91.0,"(-33.5387271, 138.2208712)",-33.5387271,138.2208712
5522,548.0,"(-33.6037237, 137.9128166)",-33.6037237,137.9128166
5523,565.0,"(-33.37016577, 138.1462669)",-33.37016577,138.1462669
5540,15077.0,"(-33.187944206666664, 138.02166000999998)",-33.187944206666664,138.02166000999998
5542,1.0,"(-34.7827756, 138.6429577)",-34.7827756,138.6429577
5550,1048.0,"(-34.151620225, 138.20178995)",-34.151620225,138.20178995
5552,230.0,"(-34.0787642625, 137.93757885)",-34.0787642625,137.93757885
5554,3397.0,"(-33.972558836842104, 137.72699803157894)",-33.972558836842104,137.72699803157894
5555,164.0,"(-33.7171446125, 137.99196125)",-33.7171446125,137.99196125
5556,3169.0,"(-33.929962716666665, 137.62669835833333)",-33.929962716666665,137.62669835833333
5558,2492.0,"(-34.07763083181818, 137.6007577590909)",-34.07763083181818,137.6007577590909
5560,215.0,"(-33.90100246666667, 138.0102858333333)",-33.90100246666667,138.0102858333333
5570,227.0,"(-34.24784072, 137.96723232)",-34.24784072,137.96723232
5571,687.0,"(-34.457856553846156, 137.88401348461537)",-34.457856553846156,137.88401348461537
5572,69.0,"(-34.2582911, 137.7556003)",-34.2582911,137.7556003
5573,1419.0,"(-34.427483775, 137.569723835)",-34.427483775,137.569723835
5575,571.0,"(-35.223703020833334, 137.00182581547617)",-35.223703020833334,137.00182581547617
5576,230.0,"(-35.10068415714286, 137.5351229057143)",-35.10068415714286,137.5351229057143
5577,174.0,"(-35.0221121625, 137.2386610375)",-35.0221121625,137.2386610375
5580,67.0,"(-34.68581773333333, 137.76750176666667)",-34.68581773333333,137.76750176666667
5581,182.0,"(-34.920630700000004, 138.60396883837132)",-34.920630700000004,138.60396883837132
5582,249.0,"(-34.91054965, 137.79541775)",-34.91054965,137.79541775
5583,331.0,"(-35.086390125, 137.730621025)",-35.086390125,137.730621025
5600,6270.0,"(-33.03572972307692, 137.57191926153845)",-33.03572972307692,137.57191926153845
5601,315.0,"(-32.9599028, 137.6973873)",-32.9599028,137.6973873
5602,500.0,"(-33.5875322625, 136.9068156375)",-33.5875322625,136.9068156375
5603,86.0,"(-33.89387185, 136.267255875)",-33.89387185,136.267255875
5604,78.0,"(-34.0830403, 136.2982573)",-34.0830403,136.2982573
5605,357.0,"(-34.35577633571429, 136.10009072857144)",-34.35577633571429,136.10009072857144
5606,20007.0,"(-34.72299758759399, 135.85929612218047)",-34.72299758759399,135.85929612218047
5607,1251.0,"(-34.45796961875, 135.68449575)",-34.45796961875,135.68449575
5608,24856.0,"(-33.027807214285716, 137.5352239142857)",-33.027807214285716,137.5352239142857
5609,855.0,"(-33.0737388, 137.46619755454546)",-33.0737388,137.46619755454546
5611,144.0,"(-32.923178255555555, 137.03808866666668)",-32.923178255555555,137.03808866666668
5630,27.0,"(-34.410406, 135.7074893)",-34.410406,135.7074893
5631,210.0,"(-34.25150205, 135.7483105)",-34.25150205,135.7483105
5632,34.0,"(-34.08997885, 135.628405925)",-34.08997885,135.628405925
5633,71.0,"(-33.530356033333334, 135.7997145)",-33.530356033333334,135.7997145
5640,183.0,"(-33.54511622, 136.42284347999998)",-33.54511622,136.42284347999998
5641,238.0,"(-33.051874225, 136.33549609375)",-33.051874225,136.33549609375
5642,34.0,"(-33.5666142, 136.09247286)",-33.5666142,136.09247286
5650,25.0,"(-33.23797135, 135.735313825)",-33.23797135,135.735313825
5651,33.0,"(-33.1334721, 135.5552779)",-33.1334721,135.5552779
5652,178.0,"(-33.03292935, 135.43616375)",-33.03292935,135.43616375
5653,7.0,"(-32.9473101, 135.2748302)",-32.9473101,135.2748302
5654,56.0,"(-32.929577288888886, 135.1332542111111)",-32.929577288888886,135.1332542111111
5655,32.0,"(-32.587016614285716, 134.99468752857143)",-32.587016614285716,134.99468752857143
5660,8.0,"(-32.59827915, 134.5929916)",-32.59827915,134.5929916
5661,48.0,"(-32.38176155, 134.5820259333333)",-32.38176155,134.5820259333333
5670,154.0,"(-33.51272620909091, 135.10774836363638)",-33.51272620909091,135.10774836363638
5671,54.0,"(-33.09852546666667, 134.54912876666668)",-33.09852546666667,134.54912876666668
5680,643.0,"(-32.569100452, 134.27321022)",-32.569100452,134.27321022
5690,9938.0,"(-31.838183855263157, 132.9521599394737)",-31.838183855263157,132.9521599394737
5700,30989.0,"(-32.51403904883721, 137.77145321162791)",-32.51403904883721,137.77145321162791
5701,31.0,"(-31.520604325, 137.4078052)",-31.520604325,137.4078052
5710,1221.0,"(-32.51578036666667, 137.84550183333332)",-32.51578036666667,137.84550183333332
5713,19.0,"(-31.811013421428573, 137.66014534285713)",-31.811013421428573,137.66014534285713
5715,13.0,"(-32.31882794285714, 137.21231844285714)",-32.31882794285714,137.21231844285714
5717,9.0,"(-32.10316541333333, 135.89672550666666)",-32.10316541333333,135.89672550666666
5719,136.0,"(-30.72609668, 135.11384699)",-30.72609668,135.11384699
5720,184.0,"(-30.537170518181817, 136.56991063636363)",-30.537170518181817,136.56991063636363
5722,293.0,"(-30.5100368, 137.1575149)",-30.5100368,137.1575149
5723,6573.0,"(-28.68677222777778, 134.89695833888888)",-28.68677222777778,134.89695833888888
5724,615.0,"(-27.20669093333333, 133.50887146666668)",-27.20669093333333,133.50887146666668
5725,2073.0,"(-30.549660139999997, 136.85293502000002)",-30.549660139999997,136.85293502000002
5730,38.0,"(-30.994825183333333, 138.53129426666666)",-30.994825183333333,138.53129426666666
5731,339.0,"(-29.786518620689655, 138.98407219655172)",-29.786518620689655,138.98407219655172
5732,265.0,"(-30.4965476, 139.03146316875)",-30.4965476,139.03146316875
5733,90.0,"(-28.690189115789472, 138.41117573157894)",-28.690189115789472,138.41117573157894
5734,309.0,"(-26.8695736375, 135.5081481625)",-26.8695736375,135.5081481625
5768,1.0,"(-34.7827756, 138.6429577)",-34.7827756,138.6429577
5790,1.0,"(-34.7827756, 138.6429577)",-34.7827756,138.6429577
5950,2207.0,"(-34.93507675, 138.53034033076923)",-34.93507675,138.53034033076923
5960,92.0,"(-34.7975362, 138.5309967)",-34.7975362,138.5309967
6000,1.0,"(-31.9182751, 115.9817693)",-31.9182751,115.9817693
6020,1.0,"(-31.9182751, 115.9817693)",-31.9182751,115.9817693
6026,3.0,"(-31.9182751, 115.9817693)",-31.9182751,115.9817693
6036,1.0,"(-31.9182751, 115.9817693)",-31.9182751,115.9817693
6055,1.0,"(-31.9182751, 115.9817693)",-31.9182751,115.9817693
6073,1.0,"(-34.7827756, 138.6429577)",-34.7827756,138.6429577
6306,1.0,"(-34.7827756, 138.6429577)",-34.7827756,138.6429577
6330,1.0,"(-34.7827756, 138.6429577)",-34.7827756,138.6429577
6440,1.0,"(-34.7827756, 138.6429577)",-34.7827756,138.6429577
6503,1.0,"(-31.9182751, 115.9817693)",-31.9182751,115.9817693
6566,1.0,"(-31.9182751, 115.9817693)",-31.9182751,115.9817693
7010,2.0,"(-42.8924764, 147.3160643)",-42.8924764,147.3160643
7109,1.0,"(-42.8924764, 147.3160643)",-42.8924764,147.3160643
7140,1.0,"(-42.8924764, 147.3160643)",-42.8924764,147.3160643
7250,1.0,"(-34.7827756, 138.6429577)",-34.7827756,138.6429577
7310,2.0,"(-34.7827756, 138.6429577)",-34.7827756,138.6429577
8506,1.0,"(-34.7827756, 138.6429577)",-34.7827756,138.6429577
870,3.0,"(-34.7827756, 138.6429577)",-34.7827756,138.6429577
872,2883.0,"(-34.7827756, 138.6429577)",-34.7827756,138.6429577
